"language","total_interactions","percentage_of_total"
"English","75061","76.07508082742963"
"Arabic","10363","10.503005057415347"
"Spanish","6879","6.97193590562194"
"French","3978","4.031743136002919"
"German","2386","2.418235073530157"
